tick,alive,living_fighters,fighting_units,team0_alive,team1_alive,team0_fighters,team1_fighters,victor,state_hash
0,30560,0,0,17780,12780,0,0,None,0xde7e8bb1b7fca282
250,30560,0,0,17780,12780,0,0,None,0xd7d0afcca2960d97
500,30560,0,0,17780,12780,0,0,None,0xbd1d26859cf5e05b
750,30560,209,4,17780,12780,117,92,None,0x9a8ed770ee940606
1000,30541,2249,18,17776,12765,1171,1078,None,0x95395aeaaf9aca3d
1250,30502,3123,20,17768,12734,1603,1520,None,0xcfde471373a2e4ee
1500,30402,3359,20,17755,12647,1726,1633,None,0x3123f0024a5cfb48
1750,30300,3400,20,17740,12560,1737,1663,None,0x21d35a7e5ed52827
2000,30178,3553,20,17701,12477,1859,1694,None,0x0825d7db89083ac1
2250,30088,3934,26,17667,12421,2051,1883,None,0x40d129d3713f92cf
2500,29971,5110,28,17625,12346,2662,2448,None,0x24b84be49294499b
2750,29872,5908,28,17597,12275,3120,2788,None,0x743e8c6606872d41
3000,29700,6255,28,17545,12155,3353,2902,None,0xc113e7de7bd2a685
3250,29536,6846,28,17461,12075,3754,3092,None,0xb2fd322d2f68183f
3500,29367,6999,28,17402,11965,3982,3017,None,0x8e5b7911ad1cf132
